{
  "version": 1,
  "author": "Anonymous maker",
  "editor": "wokwi",
  "parts": [
    { "type": "wokwi-esp32-devkit-v1", "id": "esp", "top": 0, "left": 0, "attrs": {} },
    {
      "type": "wokwi-dht22",
      "id": "dht1",
      "top": -97.04,
      "left": -221.83,
      "attrs": { "temperature": "30.8", "humidity": "43.5" }
    },
    {
      "type": "wokwi-lcd1602",
      "id": "lcd1",
      "top": 26.35,
      "left": 330.83,
      "attrs": { "pins": "i2c" }
    },
    {
      "type": "wokwi-resistor",
      "id": "r1",
      "top": -100.57,
      "left": 148.64,
      "rotate": 90,
      "attrs": { "value": "1000" }
    },
    {
      "type": "wokwi-resistor",
      "id": "r2",
      "top": -100.84,
      "left": 102.1,
      "rotate": 90,
      "attrs": { "value": "1000" }
    }
  ],
  "connections": [
    [ "esp:TX0", "$serialMonitor:RX", "", [] ],
    [ "esp:RX0", "$serialMonitor:TX", "", [] ],
    [ "dht1:SDA", "esp:D14", "green", [ "v0" ] ],
    [ "dht1:GND", "esp:GND.2", "black", [ "v0" ] ],
    [ "dht1:VCC", "esp:VIN", "red", [ "v0" ] ],
    [ "lcd1:GND", "esp:GND.1", "black", [ "v-31.64", "h-135.99", "v240.06" ] ],
    [ "lcd1:VCC", "r1:1", "red", [ "v-69.59", "h-12.62" ] ],
    [ "r1:1", "r2:1", "green", [ "h0" ] ],
    [ "lcd1:SDA", "esp:D21", "green", [ "v-44.92", "h-139.76", "v172.69" ] ],
    [ "lcd1:SCL", "esp:D22", "green", [ "v-59.16", "h-140.7", "v13.28" ] ],
    [ "r1:2", "esp:D21", "green", [ "h7.34", "v123.01" ] ],
    [ "r2:2", "esp:D22", "green", [ "h0.75", "v92.92" ] ],
    [ "lcd1:VCC", "esp:3V3", "red", [ "v-17.41", "h-110.35", "v232.47" ] ]
  ]
}