{
  "version": 1,
  "author": "Omer Ceyhan",
  "editor": "wokwi",
  "parts": [
    { "type": "wokwi-esp32-devkit-v1", "id": "esp", "top": 24.41, "left": 150.15, "attrs": {} },
    {
      "type": "wokwi-pushbutton",
      "id": "btn1",
      "top": -108.39,
      "left": -128.8,
      "attrs": { "color": "green" }
    },
    {
      "type": "wokwi-pushbutton",
      "id": "btn2",
      "top": -112.05,
      "left": -238.67,
      "attrs": { "color": "green" }
    },
    {
      "type": "wokwi-pushbutton",
      "id": "btn3",
      "top": -107.17,
      "left": -33.59,
      "attrs": { "color": "green" }
    },
    {
      "type": "wokwi-pushbutton",
      "id": "btn4",
      "top": -106.3,
      "left": 86.55,
      "attrs": { "color": "green" }
    },
    {
      "type": "wokwi-pushbutton",
      "id": "btn5",
      "top": 310.3,
      "left": -222.8,
      "attrs": { "color": "green" }
    },
    {
      "type": "wokwi-resistor",
      "id": "r1",
      "top": -33.21,
      "left": -166.27,
      "attrs": { "value": "1000" }
    },
    {
      "type": "wokwi-resistor",
      "id": "r2",
      "top": -24.87,
      "left": -60.67,
      "attrs": { "value": "1000" }
    },
    {
      "type": "wokwi-resistor",
      "id": "r3",
      "top": -36.73,
      "left": 41.69,
      "attrs": { "value": "1000" }
    },
    {
      "type": "wokwi-resistor",
      "id": "r4",
      "top": -31.99,
      "left": 171.81,
      "attrs": { "value": "1000" }
    },
    {
      "type": "wokwi-lcd1602",
      "id": "lcd1",
      "top": -43.9,
      "left": 393.55,
      "attrs": { "pins": "i2c" }
    },
    {
      "type": "wokwi-resistor",
      "id": "r5",
      "top": 135.83,
      "left": -137.67,
      "attrs": { "value": "1000" }
    },
    {
      "type": "wokwi-resistor",
      "id": "r6",
      "top": 337.58,
      "left": -20.74,
      "attrs": { "value": "1000" }
    },
    { "type": "wokwi-servo", "id": "servo1", "top": 241.58, "left": 511.93, "attrs": {} },
    {
      "type": "wokwi-led",
      "id": "led1",
      "top": 68.16,
      "left": -187.91,
      "attrs": { "color": "red" }
    }
  ],
  "connections": [
    [ "esp:TX0", "$serialMonitor:RX", "", [] ],
    [ "esp:RX0", "$serialMonitor:TX", "", [] ],
    [ "esp:GND.1", "lcd1:GND", "black", [ "h103.7", "v-185.32" ] ],
    [ "esp:VIN", "lcd1:VCC", "red", [ "h210.62", "v-186.67", "h-4.63" ] ],
    [ "esp:D21", "lcd1:SDA", "green", [ "h126.21", "v-84.52" ] ],
    [ "esp:D22", "lcd1:SCL", "green", [ "h134.47", "v-41.01", "h-1.9" ] ],
    [ "btn2:2.r", "r1:1", "green", [ "h0" ] ],
    [ "btn1:2.r", "r2:1", "green", [ "h0" ] ],
    [ "btn3:2.r", "r3:1", "green", [ "h0" ] ],
    [ "btn4:2.r", "r4:1", "green", [ "h0" ] ],
    [ "r1:2", "esp:GND.1", "green", [ "v36.88", "h412.7", "v155", "h-2.82" ] ],
    [ "r3:2", "esp:GND.1", "green", [ "v17.86", "h241.38", "v-0.94" ] ],
    [ "r4:2", "esp:GND.1", "green", [ "v-0.03", "h118.78", "v195.39" ] ],
    [ "btn5:2.r", "r6:1", "green", [ "h0" ] ],
    [ "esp:GND.1", "r6:2", "black", [ "h29.94", "v172.56" ] ],
    [ "btn4:1.r", "esp:3V3", "green", [ "v-3.23", "h193.57", "v275.18" ] ],
    [ "btn3:1.r", "esp:3V3", "green", [ "v-22.7", "h312.52", "v302.7", "h2.39" ] ],
    [ "btn2:1.r", "esp:3V3", "green", [ "v-61.41", "h526.13", "v341.05" ] ],
    [ "r6:1", "esp:D2", "green", [ "v-28.59", "h296.13", "v-164.15" ] ],
    [ "btn1:1.r", "esp:3V3", "green", [ "v-33.16", "h419.2", "v290.13" ] ],
    [ "r4:1", "esp:D4", "green", [ "v-32.68", "h182.14", "v197.29" ] ],
    [ "r3:1", "esp:D5", "green", [ "v-7.63", "h289.05", "v181.33" ] ],
    [ "r2:1", "esp:D18", "green", [ "v-22.39", "h404.46", "v171.18" ] ],
    [ "r1:1", "esp:D19", "green", [ "v-25.65", "h508.61", "v120.4" ] ],
    [ "r2:2", "esp:GND.1", "green", [ "v3.28", "h347.62", "v182.14" ] ],
    [ "btn5:1.r", "esp:3V3", "green", [ "v-67.8", "h467.92", "v-70.01" ] ],
    [ "esp:D14", "r5:2", "green", [ "h0" ] ],
    [ "led1:C", "esp:GND.2", "green", [ "v0" ] ],
    [ "led1:A", "r5:1", "green", [ "v0" ] ],
    [ "servo1:V+", "esp:3V3", "green", [ "h-126.16", "v-123.39" ] ],
    [ "servo1:GND", "esp:GND.1", "black", [ "h-110.95", "v-146.85" ] ],
    [ "servo1:PWM", "esp:D23", "green", [ "h-193.34", "v-274.86" ] ]
  ]
}